record	quote	character	title	author	source_url	revision_id	retrieved_at
0	It always comes down to just two choices. Get busy living or get busy dying.		11/22/63	Stephen King	https://en.wikiquote.org/w/index.php?title=Stephen_King&oldid=3890651	3890651	2026-08-27T11:33:36+00:00
1	"With the breakdown of the Medieval system, the gods of Chaos, Lunacy, and Bad Taste gained ascendancy."		A Confederacy of Dunces	John Kennedy Toole	https://en.wikiquote.org/w/index.php?title=John_Kennedy_Toole&oldid=3965377	3965377	2026-08-27T11:34:13+00:00
2	Personal relations are the important thing for ever and ever and not this outer life of telegrams and anger.		A Passage to India	E. M. Forster	https://en.wikiquote.org/w/index.php?title=E._M._Forster&oldid=3947410	3947410	2026-08-27T11:33:17+00:00
3	When the soul of a man is born in this country there are nets flung at it to hold it back from flight.		A Portrait of the Artist as a Young Man	James Joyce	https://en.wikiquote.org/w/index.php?title=A_Portrait_of_the_Artist_as_a_Young_Man&oldid=3588414	3588414	2026-08-27T11:33:25+00:00
4	I have always depended on the kindness of strangers.		A Streetcar Named Desire	Tennessee Williams	https://en.wikiquote.org/w/index.php?title=A_Streetcar_Named_Desire_(1951_film)&oldid=3718334	3718334	2026-08-27T11:34:09+00:00
5	Ten hostages is terrorism; A million, and it's strategy.		A Suitable Boy	Vikram Seth	https://en.wikiquote.org/w/index.php?title=Vikram_Seth&oldid=3851083	3851083	2026-08-27T11:33:51+00:00
6	Death is Nature's remedy for all things, and why not Legislation's?		A Tale of Two Cities	Charles Dickens	https://en.wikiquote.org/w/index.php?title=A_Tale_of_Two_Cities&oldid=3945673	3945673	2026-08-27T11:33:17+00:00
7	Just because we don't understand doesn't mean that the explanation doesn't exist.		A Wrinkle in Time	Madeleine L'Engle	https://en.wikiquote.org/w/index.php?title=Madeleine_L'Engle&oldid=3932636	3932636	2026-08-27T11:34:16+00:00
8	Everything's got a moral, if only you can find it.		Alice's Adventures in Wonderland	Lewis Carroll	https://en.wikiquote.org/w/index.php?title=Alice's_Adventures_in_Wonderland&oldid=3952630	3952630	2026-08-27T11:33:21+00:00
9	Ideas are more difficult to kill than people, but they can be killed, in the end.		American Gods	Neil Gaiman	https://en.wikiquote.org/w/index.php?title=American_Gods&oldid=3915400	3915400	2026-08-27T11:33:25+00:00
10	“Show a people as one thing, only one thing, over and over again, and that is what they become.”		Americanah	Chimamanda Ngozi Adichie	https://en.wikiquote.org/w/index.php?title=Chimamanda_Ngozi_Adichie&oldid=3978725	3978725	2026-08-27T11:33:39+00:00
11	ALL ANIMALS ARE EQUAL, BUT SOME ANIMALS ARE MORE EQUAL THAN OTHERS.		Animal Farm	George Orwell	https://en.wikiquote.org/w/index.php?title=Animal_Farm&oldid=3952611	3952611	2026-08-27T11:28:56+00:00
12	Happy families are all alike; every unhappy family is unhappy in its own way.		Anna Karenina	Leo Tolstoy	https://en.wikiquote.org/w/index.php?title=Anna_Karenina&oldid=3952640	3952640	2026-08-27T11:33:39+00:00
13	Oh, this is the most tragical thing that has ever happened to me!		Anne of Green Gables	L. M. Montgomery	https://en.wikiquote.org/w/index.php?title=Anne_of_Green_Gables&oldid=3952638	3952638	2026-08-27T11:33:36+00:00
14	The Earth does not want new continents, but new men.		Around the World in Eighty Days	Jules Verne	https://en.wikiquote.org/w/index.php?title=Jules_Verne&oldid=3703573	3703573	2026-08-27T11:33:43+00:00
15	Behaviour that's admiredis the path to power among people everywhere.		Beowulf	Anonymous	https://en.wikiquote.org/w/index.php?title=Beowulf&oldid=3924672	3924672	2026-08-27T11:34:09+00:00
16	The one great principle of the English law is to make business for itself.		Bleak House	Charles Dickens	https://en.wikiquote.org/w/index.php?title=Bleak_House&oldid=3940783	3940783	2026-08-27T11:33:17+00:00
17	He never sleeps, the judge. He is dancing, dancing. He says that he will never die.		Blood Meridian	Cormac McCarthy	https://en.wikiquote.org/w/index.php?title=Blood_Meridian&oldid=3965838	3965838	2026-08-27T11:33:32+00:00
18	I want God, I want poetry, I want real danger, I want freedom, I want goodness.		Brave New World	Aldous Huxley	https://en.wikiquote.org/w/index.php?title=Brave_New_World&oldid=3915179	3915179	2026-08-27T11:28:57+00:00
19	To know and love one other human being is the root of all wisdom.		Brideshead Revisited	Evelyn Waugh	https://en.wikiquote.org/w/index.php?title=Evelyn_Waugh&oldid=3912500	3912500	2026-08-27T11:33:17+00:00
20	"Excellently observed," answered Candide; "but let us cultivate our garden."		Candide	Voltaire	https://en.wikiquote.org/w/index.php?title=Candide&oldid=3611571	3611571	2026-08-27T11:33:43+00:00
21	As Bokonon says: "Peculiar travel suggestions are dancing lessons from God."		Cat's Cradle	Kurt Vonnegut	https://en.wikiquote.org/w/index.php?title=Cat's_Cradle&oldid=3948378	3948378	2026-08-27T11:33:32+00:00
22	Orr would be crazy to fly more missions and sane if he didn't, but if he was sane, he had to fly them.		Catch-22	Joseph Heller	https://en.wikiquote.org/w/index.php?title=Catch-22&oldid=3791053	3791053	2026-08-27T11:33:32+00:00
23	In addition, one of these children shall receive a special prize beyond anything you could ever imagine.		Charlie and the Chocolate Factory	Roald Dahl	https://en.wikiquote.org/w/index.php?title=Charlie_and_the_Chocolate_Factory_(film)&oldid=3990990	3990990	2026-08-27T11:29:03+00:00
24	After all, what's a life, anyway? We're born, we live a little while, we die.		Charlotte's Web	E. B. White	https://en.wikiquote.org/w/index.php?title=Charlotte's_Web_(book)&oldid=2584031	2584031	2026-08-27T11:34:16+00:00
25	In an individual, selfishness uglifies the soul; for the human species, selfishness is extinction.		Cloud Atlas	David Mitchell	https://en.wikiquote.org/w/index.php?title=Cloud_Atlas_(novel)&oldid=3941785	3941785	2026-08-27T11:33:21+00:00
26	Be clever, Miss. Even if you win, she'll never let you go.	Sweet Ghost Girl	Coraline	Neil Gaiman	https://en.wikiquote.org/w/index.php?title=Coraline_(film)&oldid=3926212	3926212	2026-08-27T11:29:04+00:00
27	To go wrong in one's own way is better than to go right in someone else's.		Crime and Punishment	Fyodor Dostoevsky	https://en.wikiquote.org/w/index.php?title=Crime_and_Punishment&oldid=3952642	3952642	2026-08-27T11:33:39+00:00
28	Annual income twenty pounds, annual expenditure nineteen nineteen and six, result happiness.		David Copperfield	Charles Dickens	https://en.wikiquote.org/w/index.php?title=David_Copperfield&oldid=3940782	3940782	2026-08-27T11:33:17+00:00
29	It is no use to blame the looking glass if your face is awry.		Dead Souls	Nikolai Gogol	https://en.wikiquote.org/w/index.php?title=Nikolai_Gogol&oldid=3929350	3929350	2026-08-27T11:33:43+00:00
30	Attention, attention must be finally paid to such a person.		Death of a Salesman	Arthur Miller	https://en.wikiquote.org/w/index.php?title=Arthur_Miller&oldid=3890238	3890238	2026-08-27T11:34:09+00:00
31	Come, Death, and snatch me from disgrace.		Disgrace	J. M. Coetzee	https://en.wikiquote.org/w/index.php?title=Disgrace&oldid=2655455	2655455	2026-08-27T11:33:39+00:00
32	Reality is that which, when you stop believing in it, doesn’t go away.		Do Androids Dream of Electric Sheep?	Philip K. Dick	https://en.wikiquote.org/w/index.php?title=Philip_K._Dick&oldid=3992844	3992844	2026-08-27T11:33:36+00:00
33	Finally, from so little sleeping and so much reading, his brain dried up and he went completely out of his mind.		Don Quixote	Miguel de Cervantes	https://en.wikiquote.org/w/index.php?title=Miguel_de_Cervantes&oldid=3976497	3976497	2026-08-27T11:33:39+00:00
34	The Last Voyage of the Demeter, a 2023 film written by Bragi F.		Dracula	Bram Stoker	https://en.wikiquote.org/w/index.php?title=Dracula&oldid=3530129	3530129	2026-08-27T11:33:17+00:00
35	I must not fear. Fear is the mind-killer. Fear is the little-death that brings total obliteration...		Dune	Frank Herbert	https://en.wikiquote.org/w/index.php?title=Dune&oldid=3914593	3914593	2026-08-27T11:33:32+00:00
36	It is always attacked and never destroyed — because Thou mayest.		East of Eden	John Steinbeck	https://en.wikiquote.org/w/index.php?title=East_of_Eden_(novel)&oldid=3898220	3898220	2026-08-27T11:33:28+00:00
37	One half of the world cannot understand the pleasures of the other.		Emma	Jane Austen	https://en.wikiquote.org/w/index.php?title=Emma_(novel)&oldid=3952621	3952621	2026-08-27T11:28:58+00:00
38	“The essence of training is to allow error without consequence.”		Ender's Game	Orson Scott Card	https://en.wikiquote.org/w/index.php?title=Ender's_Game&oldid=3881768	3881768	2026-08-27T11:33:36+00:00
39	Everyone must leave something behind when he dies, my grandfather said.		Fahrenheit 451	Ray Bradbury	https://en.wikiquote.org/w/index.php?title=Fahrenheit_451&oldid=3940352	3940352	2026-08-27T11:33:28+00:00
40	You are not a beautiful and unique snowflake.		Fight Club	Chuck Palahniuk	https://en.wikiquote.org/w/index.php?title=Fight_Club_(novel)&oldid=3737377	3737377	2026-08-27T11:33:36+00:00
41	The people who have brains and courage come through and the ones who haven't are winnowed out.		Gone with the Wind	Margaret Mitchell	https://en.wikiquote.org/w/index.php?title=Gone_with_the_Wind_(novel)&oldid=3336302	3336302	2026-08-27T11:34:09+00:00
42	It wasn't a dark and stormy night. It should have been, but that's the weather for you.		Good Omens	Terry Pratchett and Neil Gaiman	https://en.wikiquote.org/w/index.php?title=Good_Omens&oldid=3887523	3887523	2026-08-27T11:33:25+00:00
43	Pip, dear old chap, life is made of ever so many partings welded together...		Great Expectations	Charles Dickens	https://en.wikiquote.org/w/index.php?title=Great_Expectations&oldid=3952639	3952639	2026-08-27T11:33:17+00:00
44	I wrote for their amendment, and not their approbation.		Gulliver's Travels	Jonathan Swift	https://en.wikiquote.org/w/index.php?title=Gulliver's_Travels&oldid=3942835	3942835	2026-08-27T11:33:21+00:00
45	This was love: a string of coincidences that gathered significance and became miracles.		Half of a Yellow Sun	Chimamanda Ngozi Adichie	https://en.wikiquote.org/w/index.php?title=Half_of_a_Yellow_Sun&oldid=3553033	3553033	2026-08-27T11:33:39+00:00
46	To be, or not to be, — that is the question...		Hamlet	William Shakespeare	https://en.wikiquote.org/w/index.php?title=Hamlet&oldid=3952082	3952082	2026-08-27T11:33:51+00:00
47	To the well-organized mind, death is but the next great adventure.		Harry Potter and the Philosopher's Stone	J. K. Rowling	https://en.wikiquote.org/w/index.php?title=Harry_Potter_and_the_Philosopher's_Stone&oldid=3717956	3717956	2026-08-27T11:33:25+00:00
48	I solemnly swear that I am up to no good.		Harry Potter and the Prisoner of Azkaban	J. K. Rowling	https://en.wikiquote.org/w/index.php?title=Harry_Potter_and_the_Prisoner_of_Azkaban&oldid=3887534	3887534	2026-08-27T11:33:25+00:00
49	I don't like work — no man does — but I like what is in work — the chance to find yourself.		Heart of Darkness	Joseph Conrad	https://en.wikiquote.org/w/index.php?title=Heart_of_Darkness&oldid=3987647	3987647	2026-08-27T11:33:17+00:00
50	Human beings can’t see anything without wanting to destroy it, Lyra. That’s original sin.		His Dark Materials	Philip Pullman	https://en.wikiquote.org/w/index.php?title=Philip_Pullman&oldid=3980081	3980081	2026-08-27T11:33:25+00:00
51	You cannot be trusted with your own survival.		I, Robot	Isaac Asimov	https://en.wikiquote.org/w/index.php?title=I,_Robot_(film)&oldid=3959505	3959505	2026-08-27T11:33:32+00:00
52	It happened, therefore it can happen again: this is the core of what we have to say.		If This Is a Man	Primo Levi	https://en.wikiquote.org/w/index.php?title=Primo_Levi&oldid=3907842	3907842	2026-08-27T11:33:47+00:00
53	I am invisible, understand, simply because people refuse to see me.		Invisible Man	Ralph Ellison	https://en.wikiquote.org/w/index.php?title=Ralph_Ellison&oldid=3632470	3632470	2026-08-27T11:33:32+00:00
54	Monsters are real. Ghosts are too. They live inside of us, and sometimes, they win.		It	Stephen King	https://en.wikiquote.org/w/index.php?title=Stephen_King&oldid=3890651	3890651	2026-08-27T11:33:36+00:00
55	Conventionality is not morality. Self-righteousness is not religion. To attack the first is not to assail the last.		Jane Eyre	Charlotte Brontë	https://en.wikiquote.org/w/index.php?title=Charlotte_Brontë&oldid=3945880	3945880	2026-08-27T11:28:59+00:00
56	Sometimes fate is like a small sandstorm that keeps changing directions.		Kafka on the Shore	Haruki Murakami	https://en.wikiquote.org/w/index.php?title=Kafka_on_the_Shore&oldid=3780267	3780267	2026-08-27T11:33:47+00:00
57	How sharper than a serpent's tooth it isTo have a thankless child!		King Lear	William Shakespeare	https://en.wikiquote.org/w/index.php?title=King_Lear&oldid=3952631	3952631	2026-08-27T11:33:51+00:00
58	Seeing, hearing, feeling, are miracles, and each part and tag of me is a miracle.		Leaves of Grass	Walt Whitman	https://en.wikiquote.org/w/index.php?title=Leaves_of_Grass&oldid=3985858	3985858	2026-08-27T11:34:09+00:00
59	I must say a word about fear. It is life's only true opponent. Only fear can defeat life.		Life of Pi	Yann Martel	https://en.wikiquote.org/w/index.php?title=Yann_Martel&oldid=3915533	3915533	2026-08-27T11:33:36+00:00
60	I'm not afraid of storms, for I'm learning how to sail my ship.		Little Women	Louisa May Alcott	https://en.wikiquote.org/w/index.php?title=Louisa_May_Alcott&oldid=3957259	3957259	2026-08-27T11:33:28+00:00
61	Lolita, light of my life, fire of my loins. My sin, my soul.		Lolita	Vladimir Nabokov	https://en.wikiquote.org/w/index.php?title=Lolita&oldid=3952644	3952644	2026-08-27T11:33:32+00:00
62	There is nothing more enticing, disenchanting, and enslaving than the life at sea.		Lord Jim	Joseph Conrad	https://en.wikiquote.org/w/index.php?title=Lord_Jim&oldid=3547629	3547629	2026-08-27T11:33:17+00:00
63	The forest was very still. They listened, and the loudest noise was the buzzing of the flies over the spilled guts.		Lord of the Flies	William Golding	https://en.wikiquote.org/w/index.php?title=William_Golding&oldid=3915239	3915239	2026-08-27T11:33:17+00:00
64	“Shoot me,” he said, with his hand on his chest. “There is no greater glory than to die for love.”		Love in the Time of Cholera	Gabriel García Márquez	https://en.wikiquote.org/w/index.php?title=Love_in_the_Time_of_Cholera&oldid=3685969	3685969	2026-08-27T11:33:39+00:00
65	It is a taleTold by an idiot, full of sound and fury,Signifying nothing.		Macbeth	William Shakespeare	https://en.wikiquote.org/w/index.php?title=Macbeth&oldid=3898665	3898665	2026-08-27T11:33:51+00:00
66	We shouldn't maltreat our idols: the gilt comes off on our hands.		Madame Bovary	Gustave Flaubert	https://en.wikiquote.org/w/index.php?title=Madame_Bovary&oldid=3922710	3922710	2026-08-27T11:33:43+00:00
67	There are two tragedies in life. One is not to get your heart's desire. The other is to get it.		Man and Superman	George Bernard Shaw	https://en.wikiquote.org/w/index.php?title=Man_and_Superman&oldid=3721599	3721599	2026-08-27T11:34:09+00:00
68	It is not down on any map; true places never are.		Moby-Dick	Herman Melville	https://en.wikiquote.org/w/index.php?title=Moby-Dick&oldid=3962897	3962897	2026-08-27T11:33:28+00:00
69	History always has a few tricks up its frayed sleeve. It's been around a long time.		Mort	Terry Pratchett	https://en.wikiquote.org/w/index.php?title=Mort&oldid=3551286	3551286	2026-08-27T11:33:25+00:00
70	The sky above the port was the color of television, tuned to a dead channel.		Neuromancer	William Gibson	https://en.wikiquote.org/w/index.php?title=Sprawl_trilogy&oldid=3956712	3956712	2026-08-27T11:33:36+00:00
71	It was a bright cold day in April, and the clocks were striking thirteen.		Nineteen Eighty-Four	George Orwell	https://en.wikiquote.org/w/index.php?title=Nineteen_Eighty-Four&oldid=3949875	3949875	2026-08-27T11:28:56+00:00
72	Books ain't no good. A guy needs somebody — to be near him. A guy goes nuts if he ain't got nobody.		Of Mice and Men	John Steinbeck	https://en.wikiquote.org/w/index.php?title=John_Steinbeck&oldid=3964388	3964388	2026-08-27T11:33:28+00:00
73	Dead men never repent; dead men never bring awkward stories to light.		Oliver Twist	Charles Dickens	https://en.wikiquote.org/w/index.php?title=Oliver_Twist&oldid=3940388	3940388	2026-08-27T11:33:17+00:00
74	Our battered suitcases were piled on the sidewalk again; we had longer ways to go. But no matter, the road is life.		On the Road	Jack Kerouac	https://en.wikiquote.org/w/index.php?title=On_the_Road&oldid=3915216	3915216	2026-08-27T11:33:32+00:00
75	The world was so recent that many things lacked names, and in order to indicate them it was necessary to point.		One Hundred Years of Solitude	Gabriel García Márquez	https://en.wikiquote.org/w/index.php?title=One_Hundred_Years_of_Solitude&oldid=3863702	3863702	2026-08-27T11:33:39+00:00
76	Curiously enough, one cannot read a book: one can only reread it.		Pale Fire	Vladimir Nabokov	https://en.wikiquote.org/w/index.php?title=Vladimir_Nabokov&oldid=3995255	3995255	2026-08-27T11:33:32+00:00
77	The mind is its own place, and in itself Can make a heav'n of hell, a hell of heav'n.		Paradise Lost	John Milton	https://en.wikiquote.org/w/index.php?title=Paradise_Lost&oldid=3943843	3943843	2026-08-27T11:34:09+00:00
78	The State is the curse of the individual.		Peer Gynt	Henrik Ibsen	https://en.wikiquote.org/w/index.php?title=Henrik_Ibsen&oldid=3682496	3682496	2026-08-27T11:34:09+00:00
79	To die will be an awfully big adventure.		Peter Pan	J. M. Barrie	https://en.wikiquote.org/w/index.php?title=Peter_Pan&oldid=3952628	3952628	2026-08-27T11:33:21+00:00
80	She is tolerable; but not handsome enough to tempt me.		Pride and Prejudice	Jane Austen	https://en.wikiquote.org/w/index.php?title=Pride_and_Prejudice&oldid=3940795	3940795	2026-08-27T11:28:57+00:00
81	Fear of danger is ten thousand times more terrifying than danger itself.		Robinson Crusoe	Daniel Defoe	https://en.wikiquote.org/w/index.php?title=Daniel_Defoe&oldid=3935737	3935737	2026-08-27T11:33:21+00:00
82	But, soft! what light through yonder window breaks?It is the east, and Juliet is the sun!		Romeo and Juliet	William Shakespeare	https://en.wikiquote.org/w/index.php?title=Romeo_and_Juliet&oldid=3961930	3961930	2026-08-27T11:33:51+00:00
83	Know your own happiness. You want nothing but patience; or give it a more fascinating name: call it hope.		Sense and Sensibility	Jane Austen	https://en.wikiquote.org/w/index.php?title=Sense_and_Sensibility&oldid=3952623	3952623	2026-08-27T11:28:58+00:00
84	Listen: Billy Pilgrim has come unstuck in time.		Slaughterhouse-Five	Kurt Vonnegut	https://en.wikiquote.org/w/index.php?title=Slaughterhouse-Five&oldid=3732011	3732011	2026-08-27T11:33:32+00:00
85	Plans can break down. You cannot plan the future. Only presumptuous fools plan. The wise man steers.		Small Gods	Terry Pratchett	https://en.wikiquote.org/w/index.php?title=Discworld&oldid=3952185	3952185	2026-08-27T11:33:25+00:00
86	When you are wrestling for possession of a sword, the man with the handle always wins.		Snow Crash	Neal Stephenson	https://en.wikiquote.org/w/index.php?title=Snow_Crash&oldid=3499277	3499277	2026-08-27T11:33:36+00:00
87	Solitude is independence. It had been my wish and with the years I had attained it. It was cold.		Steppenwolf	Hermann Hesse	https://en.wikiquote.org/w/index.php?title=Steppenwolf&oldid=3665502	3665502	2026-08-27T11:33:47+00:00
88	Love is that condition in which the happiness of another person is essential to your own.		Stranger in a Strange Land	Robert A. Heinlein	https://en.wikiquote.org/w/index.php?title=Stranger_in_a_Strange_Land&oldid=3831774	3831774	2026-08-27T11:33:32+00:00
89	The Tao that can be described is not the enduring and unchanging Tao.		Tao Te Ching	Laozi	https://en.wikiquote.org/w/index.php?title=Tao_Te_Ching&oldid=3865813	3865813	2026-08-27T11:33:51+00:00
90	I don’t ask you to love me always like this, but I ask you to remember.		Tender Is the Night	F. Scott Fitzgerald	https://en.wikiquote.org/w/index.php?title=Tender_is_the_Night&oldid=3923992	3923992	2026-08-27T11:33:28+00:00
91	I studied a minute, sort of holding my breath, and then says to myself, "All right, then, I'll go to hell."		The Adventures of Huckleberry Finn	Mark Twain	https://en.wikiquote.org/w/index.php?title=Mark_Twain&oldid=3992852	3992852	2026-08-27T11:33:28+00:00
92	He was not the Model Boy of the village. He knew the model boy very well though—and loathed him.		The Adventures of Tom Sawyer	Mark Twain	https://en.wikiquote.org/w/index.php?title=The_Adventures_of_Tom_Sawyer&oldid=3941053	3941053	2026-08-27T11:33:28+00:00
93	When you want something, all the universe conspires in helping you to achieve it.		The Alchemist	Paulo Coelho	https://en.wikiquote.org/w/index.php?title=The_Alchemist_(novel)&oldid=3940074	3940074	2026-08-27T11:33:51+00:00
94	To subdue the enemy without fighting is the acme of skill.		The Art of War	Sun Tzu	https://en.wikiquote.org/w/index.php?title=Sun_Tzu&oldid=3950339	3950339	2026-08-27T11:33:51+00:00
95	I saw my life branching out before me like the green fig tree in the story.		The Bell Jar	Sylvia Plath	https://en.wikiquote.org/w/index.php?title=Sylvia_Plath&oldid=3943370	3943370	2026-08-27T11:33:32+00:00
96	Here is a small fact: You are going to die.		The Book Thief	Markus Zusak	https://en.wikiquote.org/w/index.php?title=The_Book_Thief&oldid=3132363	3132363	2026-08-27T11:33:36+00:00
97	He was a verray, parfit gentil knyght. He was a very perfect, gentle knight.		The Canterbury Tales	Geoffrey Chaucer	https://en.wikiquote.org/w/index.php?title=The_Canterbury_Tales&oldid=3981531	3981531	2026-08-27T11:34:09+00:00
98	Don't ever tell anybody anything. If you do, you start missing everybody.		The Catcher in the Rye	J. D. Salinger	https://en.wikiquote.org/w/index.php?title=The_Catcher_in_the_Rye&oldid=3643918	3643918	2026-08-27T11:33:28+00:00
99	Once a King or Queen in Narnia, always a King or Queen.		The Chronicles of Narnia	C. S. Lewis	https://en.wikiquote.org/w/index.php?title=The_Chronicles_of_Narnia&oldid=3625229	3625229	2026-08-27T11:33:25+00:00
100	All human wisdom is contained in these words: Wait and hope!		The Count of Monte Cristo	Alexandre Dumas	https://en.wikiquote.org/w/index.php?title=The_Count_of_Monte_Cristo&oldid=3941068	3941068	2026-08-27T11:33:43+00:00
101	I keep my ideals, because in spite of everything I still believe that people are really good at heart.		The Diary of a Young Girl	Anne Frank	https://en.wikiquote.org/w/index.php?title=Anne_Frank&oldid=3896685	3896685	2026-08-27T11:33:47+00:00
102	To be whole is to be part;true voyage is return.		The Dispossessed	Ursula K. Le Guin	https://en.wikiquote.org/w/index.php?title=Ursula_K._Le_Guin&oldid=3932563	3932563	2026-08-27T11:33:36+00:00
103	Per me si va ne la città dolente,per me si va ne l'etterno dolore,per me si va tra la perduta gente.		The Divine Comedy	Dante Alighieri	https://en.wikiquote.org/w/index.php?title=Divine_Comedy&oldid=3961693	3961693	2026-08-27T11:33:47+00:00
104	We are the real countries, not the boundaries drawn on maps with the names of powerful men.		The English Patient	Michael Ondaatje	https://en.wikiquote.org/w/index.php?title=The_English_Patient&oldid=3893478	3893478	2026-08-27T11:33:39+00:00
105	I fell in love with him the way you fall asleep: Slowly, and then all at once.		The Fault in Our Stars	John Green	https://en.wikiquote.org/w/index.php?title=The_Fault_in_Our_Stars&oldid=3938198	3938198	2026-08-27T11:34:13+00:00
106	The worst part of holding the memories is not the pain. It's the loneliness of it. Memories need to be shared.		The Giver	Lois Lowry	https://en.wikiquote.org/w/index.php?title=The_Giver&oldid=3889227	3889227	2026-08-27T11:34:16+00:00
107	They considered their Games a path from Becoming to Being, from potentiality to reality.		The Glass Bead Game	Hermann Hesse	https://en.wikiquote.org/w/index.php?title=The_Glass_Bead_Game&oldid=3054916	3054916	2026-08-27T11:33:47+00:00
108	The secret of the Great Stories is that they have no secrets.		The God of Small Things	Arundhati Roy	https://en.wikiquote.org/w/index.php?title=Arundhati_Roy&oldid=3635916	3635916	2026-08-27T11:33:51+00:00
109	In the souls of the people the grapes of wrath are filling and growing heavy, growing heavy for the vintage.		The Grapes of Wrath	John Steinbeck	https://en.wikiquote.org/w/index.php?title=The_Grapes_of_Wrath&oldid=3809001	3809001	2026-08-27T11:33:28+00:00
110	Gatsby believed in the green light, the orgastic future that year by year recedes before us.		The Great Gatsby	F. Scott Fitzgerald	https://en.wikiquote.org/w/index.php?title=The_Great_Gatsby&oldid=3952643	3952643	2026-08-27T11:29:05+00:00
111	Apathetic bloody planet, I've no sympathy at all.		The Hitchhiker's Guide to the Galaxy	Douglas Adams	https://en.wikiquote.org/w/index.php?title=The_Hitchhiker's_Guide_to_the_Galaxy&oldid=3883300	3883300	2026-08-27T11:33:25+00:00
112	Thief, thief, thief! Baggins! We hates it, we hates it, we hates it for ever!		The Hobbit	J. R. R. Tolkien	https://en.wikiquote.org/w/index.php?title=The_Hobbit&oldid=3674093	3674093	2026-08-27T11:33:25+00:00
113	Quand on voulut le détacher du squelette qu'il embrassait, il tomba en poussière.		The Hunchback of Notre-Dame	Victor Hugo	https://en.wikiquote.org/w/index.php?title=The_Hunchback_of_Notre-Dame&oldid=3916259	3916259	2026-08-27T11:33:43+00:00
114	I wish I could freeze this moment, right here, right now, and live in it forever.		The Hunger Games	Suzanne Collins	https://en.wikiquote.org/w/index.php?title=Suzanne_Collins&oldid=3877429	3877429	2026-08-27T11:34:16+00:00
115	A man's heart is a wretched, wretched thing.		The Kite Runner	Khaled Hosseini	https://en.wikiquote.org/w/index.php?title=Khaled_Hosseini&oldid=3867286	3867286	2026-08-27T11:29:10+00:00
116	Things will have to change in order that they remain the same.		The Leopard	Giuseppe Tomasi di Lampedusa	https://en.wikiquote.org/w/index.php?title=The_Leopard&oldid=2853216	2853216	2026-08-27T11:33:47+00:00
117	Though the Witch knew the Deep Magic, there is a magic deeper still which she did not know...		The Lion, the Witch and the Wardrobe	C. S. Lewis	https://en.wikiquote.org/w/index.php?title=The_Chronicles_of_Narnia&oldid=3625229	3625229	2026-08-27T11:33:25+00:00
118	It is only with the heart that one can see rightly; What is essential is invisible to the eye.		The Little Prince	Antoine de Saint-Exupéry	https://en.wikiquote.org/w/index.php?title=The_Little_Prince&oldid=3968326	3968326	2026-08-27T11:33:43+00:00
119	Endlessly imitated, it never has been surpassed.		The Lord of the Rings	J. R. R. Tolkien	https://en.wikiquote.org/w/index.php?title=The_Lord_of_the_Rings&oldid=3981483	3981483	2026-08-27T11:33:25+00:00
120	We Earth Men have a talent for ruining big, beautiful things.		The Martian Chronicles	Ray Bradbury	https://en.wikiquote.org/w/index.php?title=The_Martian_Chronicles&oldid=3798455	3798455	2026-08-27T11:33:28+00:00
121	I am the Water of Life,Out of myself I grow.The more you drink of me,The fuller I will flow.		The Neverending Story	Michael Ende	https://en.wikiquote.org/w/index.php?title=The_Neverending_Story&oldid=3849301	3849301	2026-08-27T11:33:47+00:00
122	Don't look for gods in men; you'll always be disappointed.		The Odyssey	Homer	https://en.wikiquote.org/w/index.php?title=The_Odyssey_(2026_film)&oldid=3993920	3993920	2026-08-27T11:33:51+00:00
123	The best thing for being sad…is to learn something.		The Once and Future King	T. H. White	https://en.wikiquote.org/w/index.php?title=The_Once_and_Future_King&oldid=3677527	3677527	2026-08-27T11:33:25+00:00
124	“Charlie, we accept the love we think we deserve.”		The Perks of Being a Wallflower	Stephen Chbosky	https://en.wikiquote.org/w/index.php?title=The_Perks_of_Being_a_Wallflower&oldid=3000107	3000107	2026-08-27T11:34:13+00:00
125	Expect everything, I always say, and the unexpected never happens.		The Phantom Tollbooth	Norton Juster	https://en.wikiquote.org/w/index.php?title=The_Phantom_Tollbooth&oldid=2914778	2914778	2026-08-27T11:34:16+00:00
126	There is no such thing as a moral or an immoral book. Books are well written, or badly written. That is all.		The Picture of Dorian Gray	Oscar Wilde	https://en.wikiquote.org/w/index.php?title=The_Picture_of_Dorian_Gray&oldid=3952625	3952625	2026-08-27T11:33:17+00:00
127	There is no God and we are his prophets.		The Road	Cormac McCarthy	https://en.wikiquote.org/w/index.php?title=The_Road&oldid=3626092	3626092	2026-08-27T11:33:32+00:00
128	What other dungeon is so dark as one's own heart! What jailer so inexorable as one's self!		The Scarlet Letter	Nathaniel Hawthorne	https://en.wikiquote.org/w/index.php?title=Nathaniel_Hawthorne&oldid=3976735	3976735	2026-08-27T11:33:28+00:00
129	If you look the right way, you can see that the whole world is a garden.		The Secret Garden	Frances Hodgson Burnett	https://en.wikiquote.org/w/index.php?title=The_Secret_Garden_(1993_film)&oldid=3893883	3893883	2026-08-27T11:34:13+00:00
130	Few things leave a deeper mark on a reader than the first book that finds its way into his heart.		The Shadow of the Wind	Carlos Ruiz Zafón	https://en.wikiquote.org/w/index.php?title=Carlos_Ruiz_Zafón&oldid=3364149	3364149	2026-08-27T11:33:39+00:00
131	I am indeed but a wanderer, a pilgrim on earth. But are you anything more?		The Sorrows of Young Werther	Johann Wolfgang von Goethe	https://en.wikiquote.org/w/index.php?title=The_Sorrows_of_Young_Werther&oldid=3572996	3572996	2026-08-27T11:33:47+00:00
132	Silent white light filled the world. And the righteous and unrighteous alike were consumed in that holy fire.		The Stand	Stephen King	https://en.wikiquote.org/w/index.php?title=Stephen_King&oldid=3890651	3890651	2026-08-27T11:33:36+00:00
133	Real things in the darkness seem no realer than dreams.		The Tale of Genji	Murasaki Shikibu	https://en.wikiquote.org/w/index.php?title=Murasaki_Shikibu&oldid=3603307	3603307	2026-08-27T11:33:47+00:00
134	We are such stuff As dreams are made on; and our little life Is rounded with a sleep.		The Tempest	William Shakespeare	https://en.wikiquote.org/w/index.php?title=The_Tempest&oldid=3956657	3956657	2026-08-27T11:33:51+00:00
135	The Three Musketeers (2011 film), a 3D version of the film directed by Paul W.S.		The Three Musketeers	Alexandre Dumas	https://en.wikiquote.org/w/index.php?title=The_Three_Musketeers&oldid=3075145	3075145	2026-08-27T11:33:43+00:00
136	Strength is the outcome of need; security sets a premium on feebleness.		The Time Machine	H. G. Wells	https://en.wikiquote.org/w/index.php?title=The_Time_Machine&oldid=3778033	3778033	2026-08-27T11:34:13+00:00
137	The past is but the beginning of a beginning, and all that is or has been is but the twilight of the dawn.		The War of the Worlds	H. G. Wells	https://en.wikiquote.org/w/index.php?title=H._G._Wells&oldid=3929669	3929669	2026-08-27T11:34:13+00:00
138	There is nothing — absolutely nothing — half so much worth doing as simply messing about in boats.		The Wind in the Willows	Kenneth Grahame	https://en.wikiquote.org/w/index.php?title=The_Wind_in_the_Willows&oldid=3882081	3882081	2026-08-27T11:33:21+00:00
139	Until the lions have their own historians, the history of the hunt will always glorify the hunter.		Things Fall Apart	Chinua Achebe	https://en.wikiquote.org/w/index.php?title=Chinua_Achebe&oldid=3996243	3996243	2026-08-27T11:33:39+00:00
140	Why, sometimes I've believed as many as six impossible things before breakfast.		Through the Looking-Glass	Lewis Carroll	https://en.wikiquote.org/w/index.php?title=Through_the_Looking-Glass&oldid=3952626	3952626	2026-08-27T11:29:02+00:00
141	To Kill a Mockingbird (novel), the Pulitzer Prize-winning novel by Harper Lee.		To Kill a Mockingbird	Harper Lee	https://en.wikiquote.org/w/index.php?title=To_Kill_a_Mockingbird&oldid=2467222	2467222	2026-08-27T11:29:06+00:00
142	Fifteen men on the dead man's chest — Yo-ho-ho, and a bottle of rum!		Treasure Island	Robert Louis Stevenson	https://en.wikiquote.org/w/index.php?title=Robert_Louis_Stevenson&oldid=3973220	3973220	2026-08-27T11:33:21+00:00
143	Some are born great, some achieve greatness, and some have greatness thrust upon 'em.		Twelfth Night	William Shakespeare	https://en.wikiquote.org/w/index.php?title=Twelfth_Night&oldid=3447375	3447375	2026-08-27T11:33:51+00:00
144	History, Stephen said, is a nightmare from which I am trying to awake.		Ulysses	James Joyce	https://en.wikiquote.org/w/index.php?title=Ulysses_(novel)&oldid=3962898	3962898	2026-08-27T11:33:25+00:00
145	The world is a looking-glass, and gives back to every man the reflection of his own face.		Vanity Fair	William Makepeace Thackeray	https://en.wikiquote.org/w/index.php?title=Vanity_Fair_(novel)&oldid=3622218	3622218	2026-08-27T11:33:21+00:00
146	Ever tried. Ever failed. No matter. Try again. Fail again. Fail better.		Waiting for Godot	Samuel Beckett	https://en.wikiquote.org/w/index.php?title=Samuel_Beckett&oldid=3771549	3771549	2026-08-27T11:33:28+00:00
147	The mass of men lead lives of quiet desperation. What is called resignation is confirmed desperation.		Walden	Henry David Thoreau	https://en.wikiquote.org/w/index.php?title=Walden&oldid=3922179	3922179	2026-08-27T11:33:28+00:00
148	There never was a good war or a bad peace.		War and Peace	Leo Tolstoy	https://en.wikiquote.org/w/index.php?title=War_and_peace&oldid=3954217	3954217	2026-08-27T11:33:39+00:00
149	Happiness isn't always the best way to be happy.		Where the Wild Things Are	Maurice Sendak	https://en.wikiquote.org/w/index.php?title=Where_the_Wild_Things_Are&oldid=3984389	3984389	2026-08-27T11:34:16+00:00
150	You can't stay in your corner of the forest waiting for others to come to you. You have to go to them sometimes.		Winnie-the-Pooh	A. A. Milne	https://en.wikiquote.org/w/index.php?title=A._A._Milne&oldid=3977428	3977428	2026-08-27T11:33:21+00:00
151	My love for Heathcliff resembles the eternal rocks beneath: a source of little visible delight, but necessary.		Wuthering Heights	Emily Brontë	https://en.wikiquote.org/w/index.php?title=Wuthering_Heights&oldid=3952637	3952637	2026-08-27T11:28:59+00:00
152	Every man has his folly, but the greatest folly of all ... is not to have one.		Zorba the Greek	Nikos Kazantzakis	https://en.wikiquote.org/w/index.php?title=Zorba_the_Greek&oldid=3915212	3915212	2026-08-27T11:33:51+00:00
153	Remember, Hope is a good thing, maybe the best of things, and no good thing ever dies.		11/22/63	Stephen King	https://en.wikiquote.org/w/index.php?title=Stephen_King&oldid=3890651	3890651	2026-08-27T11:33:36+00:00
154	"If they would rather die," said Scrooge, "they had better do it, and decrease the surplus population."		A Christmas Carol	Charles Dickens	https://en.wikiquote.org/w/index.php?title=A_Christmas_Carol&oldid=3976403	3976403	2026-08-27T11:33:17+00:00
155	When Fortuna spins you downward, go out to a movie and get more out of life.		A Confederacy of Dunces	John Kennedy Toole	https://en.wikiquote.org/w/index.php?title=John_Kennedy_Toole&oldid=3965377	3965377	2026-08-27T11:34:13+00:00
156	Only connect the prose and the passion, and both will be exalted, and human love will be seen at its height.		A Passage to India	E. M. Forster	https://en.wikiquote.org/w/index.php?title=E._M._Forster&oldid=3947410	3947410	2026-08-27T11:33:17+00:00
157	Ireland is the old sow that eats her farrow.		A Portrait of the Artist as a Young Man	James Joyce	https://en.wikiquote.org/w/index.php?title=A_Portrait_of_the_Artist_as_a_Young_Man&oldid=3588414	3588414	2026-08-27T11:33:25+00:00
158	Physical beauty is passing - a transitory possession.		A Streetcar Named Desire	Tennessee Williams	https://en.wikiquote.org/w/index.php?title=A_Streetcar_Named_Desire_(1951_film)&oldid=3718334	3718334	2026-08-27T11:34:09+00:00
159	Is it not love that knows how to make smooth things rough and rough things smooth?		A Suitable Boy	Vikram Seth	https://en.wikiquote.org/w/index.php?title=Vikram_Seth&oldid=3851083	3851083	2026-08-27T11:33:51+00:00
160	Maybe you have to know darkness before you can appreciate the light.		A Wrinkle in Time	Madeleine L'Engle	https://en.wikiquote.org/w/index.php?title=Madeleine_L'Engle&oldid=3932636	3932636	2026-08-27T11:34:16+00:00
161	If you drink much from a bottle marked 'poison' it is almost certain to disagree with you, sooner or later.		Alice's Adventures in Wonderland	Lewis Carroll	https://en.wikiquote.org/w/index.php?title=Alice's_Adventures_in_Wonderland&oldid=3952630	3952630	2026-08-27T11:33:21+00:00
162	If Hell is other people, thought Shadow, then Purgatory is airports.		American Gods	Neil Gaiman	https://en.wikiquote.org/w/index.php?title=American_Gods&oldid=3915400	3915400	2026-08-27T11:33:25+00:00
163	Culture does not make people, people make culture.		Americanah	Chimamanda Ngozi Adichie	https://en.wikiquote.org/w/index.php?title=Chimamanda_Ngozi_Adichie&oldid=3978725	3978725	2026-08-27T11:33:39+00:00
164	Man is the only creature that consumes without producing.		Animal Farm	George Orwell	https://en.wikiquote.org/w/index.php?title=Animal_Farm&oldid=3952611	3952611	2026-08-27T11:28:56+00:00
165	If goodness has causes, it is not goodness; if it has effects, a reward, it is not goodness either.		Anna Karenina	Leo Tolstoy	https://en.wikiquote.org/w/index.php?title=Anna_Karenina&oldid=3952640	3952640	2026-08-27T11:33:39+00:00
166	It would be terrible if we just skipped from September to November, wouldn't it?		Anne of Green Gables	L. M. Montgomery	https://en.wikiquote.org/w/index.php?title=Anne_of_Green_Gables&oldid=3952638	3952638	2026-08-27T11:33:36+00:00
167	Poets are like proverbs: you can always find one to contradict another.		Around the World in Eighty Days	Jules Verne	https://en.wikiquote.org/w/index.php?title=Jules_Verne&oldid=3703573	3703573	2026-08-27T11:33:43+00:00
168	Better is it for each one of us that he should avenge his friend, than greatly mourn.		Beowulf	Anonymous	https://en.wikiquote.org/w/index.php?title=Beowulf&oldid=3924672	3924672	2026-08-27T11:34:09+00:00
169	You can find meanness in the least of creatures, but when God made man the devil was at his elbow.		Blood Meridian	Cormac McCarthy	https://en.wikiquote.org/w/index.php?title=Blood_Meridian&oldid=3965838	3965838	2026-08-27T11:33:32+00:00
170	Sixty-two thousand four hundred repetitions make one truth.		Brave New World	Aldous Huxley	https://en.wikiquote.org/w/index.php?title=Brave_New_World&oldid=3915179	3915179	2026-08-27T11:28:57+00:00
171	My theme is memory, that winged host that soared about me one grey morning of war-time.		Brideshead Revisited	Evelyn Waugh	https://en.wikiquote.org/w/index.php?title=Evelyn_Waugh&oldid=3912500	3912500	2026-08-27T11:33:17+00:00
172	If this is the best of all possible worlds, what are the others?		Candide	Voltaire	https://en.wikiquote.org/w/index.php?title=Candide&oldid=3611571	3611571	2026-08-27T11:33:43+00:00
173	All of the true things that I am about to tell you are shameless lies.		Cat's Cradle	Kurt Vonnegut	https://en.wikiquote.org/w/index.php?title=Cat's_Cradle&oldid=3948378	3948378	2026-08-27T11:33:32+00:00
174	It was love at first sight. The first time Yossarian saw the chaplain, he fell madly in love with him.		Catch-22	Joseph Heller	https://en.wikiquote.org/w/index.php?title=Catch-22&oldid=3791053	3791053	2026-08-27T11:33:32+00:00
175	Dear visitors, it is my great pleasure to welcome you to my humble factory.		Charlie and the Chocolate Factory	Roald Dahl	https://en.wikiquote.org/w/index.php?title=Charlie_and_the_Chocolate_Factory_(film)&oldid=3990990	3990990	2026-08-27T11:29:03+00:00
176	People believe almost anything they see in print.		Charlotte's Web	E. B. White	https://en.wikiquote.org/w/index.php?title=Charlotte's_Web_(book)&oldid=2584031	2584031	2026-08-27T11:34:16+00:00
177	Truth is singular. Its 'versions' are mistruths.		Cloud Atlas	David Mitchell	https://en.wikiquote.org/w/index.php?title=Cloud_Atlas_(novel)&oldid=3941785	3941785	2026-08-27T11:33:21+00:00
178	They say even the proudest spirit can be broken, with love.		Coraline	Neil Gaiman	https://en.wikiquote.org/w/index.php?title=Coraline_(film)&oldid=3926212	3926212	2026-08-27T11:29:04+00:00
179	You never reach any truth without making fourteen mistakes and very likely a hundred and fourteen.		Crime and Punishment	Fyodor Dostoevsky	https://en.wikiquote.org/w/index.php?title=Crime_and_Punishment&oldid=3952642	3952642	2026-08-27T11:33:39+00:00
180	Oh troika, winged troika, tell me who invented you?		Dead Souls	Nikolai Gogol	https://en.wikiquote.org/w/index.php?title=Nikolai_Gogol&oldid=3929350	3929350	2026-08-27T11:33:43+00:00
181	A salesman is got to dream, boy. It comes with the territory.		Death of a Salesman	Arthur Miller	https://en.wikiquote.org/w/index.php?title=Arthur_Miller&oldid=3890238	3890238	2026-08-27T11:34:09+00:00
182	Disgrace is immortal, and living even when one thinks it dead.		Disgrace	J. M. Coetzee	https://en.wikiquote.org/w/index.php?title=Disgrace&oldid=2655455	2655455	2026-08-27T11:33:39+00:00
183	It is sometimes an appropriate response to reality to go insane.		Do Androids Dream of Electric Sheep?	Philip K. Dick	https://en.wikiquote.org/w/index.php?title=Philip_K._Dick&oldid=3992844	3992844	2026-08-27T11:33:36+00:00
184	Take care, Your Worship, those things over there are not giants but windmills.		Don Quixote	Miguel de Cervantes	https://en.wikiquote.org/w/index.php?title=Miguel_de_Cervantes&oldid=3976497	3976497	2026-08-27T11:33:39+00:00
185	Nosferatu, a 1922 German silent film loosely based on Stoker's novel, directed by F.		Dracula	Bram Stoker	https://en.wikiquote.org/w/index.php?title=Dracula&oldid=3530129	3530129	2026-08-27T11:33:17+00:00
186	The mystery of life isn't a problem to solve, but a reality to experience.		Dune	Frank Herbert	https://en.wikiquote.org/w/index.php?title=Dune&oldid=3914593	3914593	2026-08-27T11:33:32+00:00
187	This I believe: that the free, exploring mind of the individual human is the most valuable thing in the world.		East of Eden	John Steinbeck	https://en.wikiquote.org/w/index.php?title=East_of_Eden_(novel)&oldid=3898220	3898220	2026-08-27T11:33:28+00:00
188	Better be without sense, than misapply it as you do.		Emma	Jane Austen	https://en.wikiquote.org/w/index.php?title=Emma_(novel)&oldid=3952621	3952621	2026-08-27T11:28:58+00:00
189	No one but the enemy will tell you what the enemy is going to do.		Ender's Game	Orson Scott Card	https://en.wikiquote.org/w/index.php?title=Ender's_Game&oldid=3881768	3881768	2026-08-27T11:33:36+00:00
190	If you don't want a man unhappy politically, don't give him two sides to a question to worry him; give him one.		Fahrenheit 451	Ray Bradbury	https://en.wikiquote.org/w/index.php?title=Fahrenheit_451&oldid=3940352	3940352	2026-08-27T11:33:28+00:00
191	This is your life, and it's ending one minute at a time.		Fight Club	Chuck Palahniuk	https://en.wikiquote.org/w/index.php?title=Fight_Club_(novel)&oldid=3737377	3737377	2026-08-27T11:33:36+00:00
192	Southerners can never resist a losing cause.		Gone with the Wind	Margaret Mitchell	https://en.wikiquote.org/w/index.php?title=Gone_with_the_Wind_(novel)&oldid=3336302	3336302	2026-08-27T11:34:09+00:00
193	A butterfly flaps its wings in the Amazonian jungle, and subsequently a storm ravages half of Europe.		Good Omens	Terry Pratchett and Neil Gaiman	https://en.wikiquote.org/w/index.php?title=Good_Omens&oldid=3887523	3887523	2026-08-27T11:33:25+00:00
194	For a man may be allowed to keep poisons in his closet, but not to vend them about for cordials.		Gulliver's Travels	Jonathan Swift	https://en.wikiquote.org/w/index.php?title=Gulliver's_Travels&oldid=3942835	3942835	2026-08-27T11:33:21+00:00
195	You must never behave as if your life belongs to a man.		Half of a Yellow Sun	Chimamanda Ngozi Adichie	https://en.wikiquote.org/w/index.php?title=Half_of_a_Yellow_Sun&oldid=3553033	3553033	2026-08-27T11:33:39+00:00
196	It takes a great deal of bravery to stand up to our enemies, but just as much to stand up to our friends.		Harry Potter and the Philosopher's Stone	J. K. Rowling	https://en.wikiquote.org/w/index.php?title=Harry_Potter_and_the_Philosopher's_Stone&oldid=3717956	3717956	2026-08-27T11:33:25+00:00
197	You think the dead we loved ever truly leave us?		Harry Potter and the Prisoner of Azkaban	J. K. Rowling	https://en.wikiquote.org/w/index.php?title=Harry_Potter_and_the_Prisoner_of_Azkaban&oldid=3887534	3887534	2026-08-27T11:33:25+00:00
198	The mind of man is capable of anything — because everything is in it, all the past as well as all the future.		Heart of Darkness	Joseph Conrad	https://en.wikiquote.org/w/index.php?title=Heart_of_Darkness&oldid=3987647	3987647	2026-08-27T11:33:17+00:00
199	You cannot change what you are, only what you do.		His Dark Materials	Philip Pullman	https://en.wikiquote.org/w/index.php?title=Philip_Pullman&oldid=3980081	3980081	2026-08-27T11:33:25+00:00
200	To protect Humanity, some humans must be sacrificed.		I, Robot	Isaac Asimov	https://en.wikiquote.org/w/index.php?title=I,_Robot_(film)&oldid=3959505	3959505	2026-08-27T11:33:32+00:00
201	Those who deny Auschwitz would be ready to remake it.		If This Is a Man	Primo Levi	https://en.wikiquote.org/w/index.php?title=Primo_Levi&oldid=3907842	3907842	2026-08-27T11:33:47+00:00
202	I was looking for myself and asking everyone except myself questions which I, and only I, could answer.		Invisible Man	Ralph Ellison	https://en.wikiquote.org/w/index.php?title=Ralph_Ellison&oldid=3632470	3632470	2026-08-27T11:33:32+00:00
203	Do you think, because I am poor, obscure, plain, and little, I am soulless and heartless?		Jane Eyre	Charlotte Brontë	https://en.wikiquote.org/w/index.php?title=Charlotte_Brontë&oldid=3945880	3945880	2026-08-27T11:28:59+00:00
204	In everybody’s life there’s a point of no return.		Kafka on the Shore	Haruki Murakami	https://en.wikiquote.org/w/index.php?title=Kafka_on_the_Shore&oldid=3780267	3780267	2026-08-27T11:33:47+00:00
205	Nothing can happen more beautiful than death.		Leaves of Grass	Walt Whitman	https://en.wikiquote.org/w/index.php?title=Leaves_of_Grass&oldid=3985858	3985858	2026-08-27T11:34:09+00:00
206	To choose doubt as a philosophy of life is akin to choosing immobility as a means of transportation.		Life of Pi	Yann Martel	https://en.wikiquote.org/w/index.php?title=Yann_Martel&oldid=3915533	3915533	2026-08-27T11:33:36+00:00
207	"Christmas won't be Christmas without any presents," grumbled Jo, lying on the rug.		Little Women	Louisa May Alcott	https://en.wikiquote.org/w/index.php?title=Louisa_May_Alcott&oldid=3957259	3957259	2026-08-27T11:33:28+00:00
208	Lo-lee-ta: the tip of the tongue taking a trip of three steps down the palate to tap, at three, on the teeth.		Lolita	Vladimir Nabokov	https://en.wikiquote.org/w/index.php?title=Lolita&oldid=3952644	3952644	2026-08-27T11:33:32+00:00
209	They wanted facts. Facts! They demanded facts from him, as if facts could explain anything.		Lord Jim	Joseph Conrad	https://en.wikiquote.org/w/index.php?title=Lord_Jim&oldid=3547629	3547629	2026-08-27T11:33:17+00:00
210	If you're scared of someone you hate him but you can't stop thinking about him.		Lord of the Flies	William Golding	https://en.wikiquote.org/w/index.php?title=William_Golding&oldid=3915239	3915239	2026-08-27T11:33:17+00:00
211	A man knows when he is growing old because he begins to look like his father.		Love in the Time of Cholera	Gabriel García Márquez	https://en.wikiquote.org/w/index.php?title=Love_in_the_Time_of_Cholera&oldid=3685969	3685969	2026-08-27T11:33:39+00:00
212	She wanted to die. And she wanted to live in Paris.		Madame Bovary	Gustave Flaubert	https://en.wikiquote.org/w/index.php?title=Madame_Bovary&oldid=3922710	3922710	2026-08-27T11:33:43+00:00
213	He who can, does. He who cannot, teaches.		Man and Superman	George Bernard Shaw	https://en.wikiquote.org/w/index.php?title=Man_and_Superman&oldid=3721599	3721599	2026-08-27T11:34:09+00:00
214	Better sleep with a sober cannibal than a drunken Christian.		Moby-Dick	Herman Melville	https://en.wikiquote.org/w/index.php?title=Moby-Dick&oldid=3962897	3962897	2026-08-27T11:33:28+00:00
215	History has a habit of changing the people who think they are changing it.		Mort	Terry Pratchett	https://en.wikiquote.org/w/index.php?title=Mort&oldid=3551286	3551286	2026-08-27T11:33:25+00:00
216	Case fell into the prison of his own flesh.		Neuromancer	William Gibson	https://en.wikiquote.org/w/index.php?title=Sprawl_trilogy&oldid=3956712	3956712	2026-08-27T11:33:36+00:00
217	WAR IS PEACE, FREEDOM IS SLAVERY, IGNORANCE IS STRENGTH.		Nineteen Eighty-Four	George Orwell	https://en.wikiquote.org/w/index.php?title=Nineteen_Eighty-Four&oldid=3949875	3949875	2026-08-27T11:28:56+00:00
218	It’s so much darker when a light goes out than it would have been if it had never shone.		Of Mice and Men	John Steinbeck	https://en.wikiquote.org/w/index.php?title=John_Steinbeck&oldid=3964388	3964388	2026-08-27T11:33:28+00:00
219	Whither goest thou, America, in thy shiny car in the night?		On the Road	Jack Kerouac	https://en.wikiquote.org/w/index.php?title=On_the_Road&oldid=3915216	3915216	2026-08-27T11:33:32+00:00
220	Races condemned to one hundred years of solitude did not have a second opportunity on earth.		One Hundred Years of Solitude	Gabriel García Márquez	https://en.wikiquote.org/w/index.php?title=One_Hundred_Years_of_Solitude&oldid=3863702	3863702	2026-08-27T11:33:39+00:00
221	My loathings are simple: stupidity, oppression, crime, cruelty, soft music.		Pale Fire	Vladimir Nabokov	https://en.wikiquote.org/w/index.php?title=Vladimir_Nabokov&oldid=3995255	3995255	2026-08-27T11:33:32+00:00
222	Better to reign in Hell, than serve in Heaven.		Paradise Lost	John Milton	https://en.wikiquote.org/w/index.php?title=Paradise_Lost&oldid=3943843	3943843	2026-08-27T11:34:09+00:00
223	You see, the point is that the strongest man in the world is he who stands most alone.		Peer Gynt	Henrik Ibsen	https://en.wikiquote.org/w/index.php?title=Henrik_Ibsen&oldid=3682496	3682496	2026-08-27T11:34:09+00:00
224	To live would be an awfully big adventure!		Peter Pan	J. M. Barrie	https://en.wikiquote.org/w/index.php?title=Peter_Pan&oldid=3952628	3952628	2026-08-27T11:33:21+00:00
225	For what do we live, but to make sport for our neighbours, and laugh at them in our turn?		Pride and Prejudice	Jane Austen	https://en.wikiquote.org/w/index.php?title=Pride_and_Prejudice&oldid=3940795	3940795	2026-08-27T11:28:57+00:00
226	All our discontents about what we want appeared to me to spring from the want of thankfulness for what we have.		Robinson Crusoe	Daniel Defoe	https://en.wikiquote.org/w/index.php?title=Daniel_Defoe&oldid=3935737	3935737	2026-08-27T11:33:21+00:00
227	Shyness is only the effect of a sense of inferiority in some way or other.		Sense and Sensibility	Jane Austen	https://en.wikiquote.org/w/index.php?title=Sense_and_Sensibility&oldid=3952623	3952623	2026-08-27T11:28:58+00:00
228	Everything was beautiful, and nothing hurt.		Slaughterhouse-Five	Kurt Vonnegut	https://en.wikiquote.org/w/index.php?title=Slaughterhouse-Five&oldid=3732011	3732011	2026-08-27T11:33:32+00:00
229	Creators aren't gods. They make places, which is quite hard. It's men that make gods. This explains a lot.		Small Gods	Terry Pratchett	https://en.wikiquote.org/w/index.php?title=Discworld&oldid=3952185	3952185	2026-08-27T11:33:25+00:00
230	The franchise and the virus work on the same principle: what thrives in one place will thrive in another.		Snow Crash	Neal Stephenson	https://en.wikiquote.org/w/index.php?title=Snow_Crash&oldid=3499277	3499277	2026-08-27T11:33:36+00:00
231	Harry, the thinker, is a hundred years old, but Harry, the dancer, is scarcely half a day old.		Steppenwolf	Hermann Hesse	https://en.wikiquote.org/w/index.php?title=Steppenwolf&oldid=3665502	3665502	2026-08-27T11:33:47+00:00
232	A prude is a person who thinks that his own rules of propriety are natural laws.		Stranger in a Strange Land	Robert A. Heinlein	https://en.wikiquote.org/w/index.php?title=Stranger_in_a_Strange_Land&oldid=3831774	3831774	2026-08-27T11:33:32+00:00
233	The sage wears coarse clothing over his shoulders, but carries jade within his bosom.		Tao Te Ching	Laozi	https://en.wikiquote.org/w/index.php?title=Tao_Te_Ching&oldid=3865813	3865813	2026-08-27T11:33:51+00:00
234	Sometimes it is harder to deprive oneself of a pain than of a pleasure.		Tender Is the Night	F. Scott Fitzgerald	https://en.wikiquote.org/w/index.php?title=Tender_is_the_Night&oldid=3923992	3923992	2026-08-27T11:33:28+00:00
235	If you tell the truth you don't have to remember anything.		The Adventures of Huckleberry Finn	Mark Twain	https://en.wikiquote.org/w/index.php?title=Mark_Twain&oldid=3992852	3992852	2026-08-27T11:33:28+00:00
236	To promise not to do a thing is the surest way in the world to make a body want to go and do that very thing.		The Adventures of Tom Sawyer	Mark Twain	https://en.wikiquote.org/w/index.php?title=The_Adventures_of_Tom_Sawyer&oldid=3941053	3941053	2026-08-27T11:33:28+00:00
237	Tell your heart that the fear of suffering is worse than the suffering itself.		The Alchemist	Paulo Coelho	https://en.wikiquote.org/w/index.php?title=The_Alchemist_(novel)&oldid=3940074	3940074	2026-08-27T11:33:51+00:00
238	Victorious warriors win first and then go to war, while defeated warriors go to war first and then seek to win.		The Art of War	Sun Tzu	https://en.wikiquote.org/w/index.php?title=Sun_Tzu&oldid=3950339	3950339	2026-08-27T11:33:51+00:00
239	I took a deep breath and listened to the old brag of my heart: I am, I am, I am.		The Bell Jar	Sylvia Plath	https://en.wikiquote.org/w/index.php?title=Sylvia_Plath&oldid=3943370	3943370	2026-08-27T11:33:32+00:00
240	I see their ugly and their beauty, and I wonder how the same thing can be both.		The Book Thief	Markus Zusak	https://en.wikiquote.org/w/index.php?title=The_Book_Thief&oldid=3132363	3132363	2026-08-27T11:33:36+00:00
241	The smyler with the knyf under the cloke.		The Canterbury Tales	Geoffrey Chaucer	https://en.wikiquote.org/w/index.php?title=The_Canterbury_Tales&oldid=3981531	3981531	2026-08-27T11:34:09+00:00
242	Anyway, I keep picturing all these little kids playing some game in this big field of rye and all.		The Catcher in the Rye	J. D. Salinger	https://en.wikiquote.org/w/index.php?title=The_Catcher_in_the_Rye&oldid=3643918	3643918	2026-08-27T11:33:28+00:00
243	There was once a boy named Eustace Clarence Scrubb, and he almost deserved it.		The Chronicles of Narnia	C. S. Lewis	https://en.wikiquote.org/w/index.php?title=The_Chronicles_of_Narnia&oldid=3625229	3625229	2026-08-27T11:33:25+00:00
244	He who has felt the deepest grief is best able to experience supreme happiness.		The Count of Monte Cristo	Alexandre Dumas	https://en.wikiquote.org/w/index.php?title=The_Count_of_Monte_Cristo&oldid=3941068	3941068	2026-08-27T11:33:43+00:00
245	How wonderful it is that no one has to wait, but can start right now to gradually change the world!		The Diary of a Young Girl	Anne Frank	https://en.wikiquote.org/w/index.php?title=Anne_Frank&oldid=3896685	3896685	2026-08-27T11:33:47+00:00
246	To make a thief, make an owner; to create crime, create laws.		The Dispossessed	Ursula K. Le Guin	https://en.wikiquote.org/w/index.php?title=Ursula_K._Le_Guin&oldid=3932563	3932563	2026-08-27T11:33:36+00:00
247	Nel mezzo del cammin di nostra vita,mi ritrovai per una selva oscura,ché la diritta via era smarrita.		The Divine Comedy	Dante Alighieri	https://en.wikiquote.org/w/index.php?title=Divine_Comedy&oldid=3961693	3961693	2026-08-27T11:33:47+00:00
248	New lovers are nervous and tender, but smash everything.		The English Patient	Michael Ondaatje	https://en.wikiquote.org/w/index.php?title=The_English_Patient&oldid=3893478	3893478	2026-08-27T11:33:39+00:00
249	That's a thing about pain. It demands to be felt.		The Fault in Our Stars	John Green	https://en.wikiquote.org/w/index.php?title=The_Fault_in_Our_Stars&oldid=3938198	3938198	2026-08-27T11:34:13+00:00
250	If everything's the same, then there aren't any choices! I want to wake up in the morning and decide things!		The Giver	Lois Lowry	https://en.wikiquote.org/w/index.php?title=The_Giver&oldid=3889227	3889227	2026-08-27T11:34:16+00:00
251	They longed for philosophy, for synthesis.		The Glass Bead Game	Hermann Hesse	https://en.wikiquote.org/w/index.php?title=The_Glass_Bead_Game&oldid=3054916	3054916	2026-08-27T11:33:47+00:00
252	In the way that you know that one day you will die, you live as though you won't.		The God of Small Things	Arundhati Roy	https://en.wikiquote.org/w/index.php?title=Arundhati_Roy&oldid=3635916	3635916	2026-08-27T11:33:51+00:00
253	It happens that every man in a bank hates what the bank does, and yet the bank does it.		The Grapes of Wrath	John Steinbeck	https://en.wikiquote.org/w/index.php?title=The_Grapes_of_Wrath&oldid=3809001	3809001	2026-08-27T11:33:28+00:00
254	It eluded us then, but that’s no matter — tomorrow we will run faster, stretch out our arms farther....		The Great Gatsby	F. Scott Fitzgerald	https://en.wikiquote.org/w/index.php?title=The_Great_Gatsby&oldid=3952643	3952643	2026-08-27T11:29:05+00:00
255	On no account allow a Vogon to read poetry at you.		The Hitchhiker's Guide to the Galaxy	Douglas Adams	https://en.wikiquote.org/w/index.php?title=The_Hitchhiker's_Guide_to_the_Galaxy&oldid=3883300	3883300	2026-08-27T11:33:25+00:00
256	In a hole in the ground there lived a hobbit.		The Hobbit	J. R. R. Tolkien	https://en.wikiquote.org/w/index.php?title=The_Hobbit&oldid=3674093	3674093	2026-08-27T11:33:25+00:00
257	The students crowded into the window, saluted them as they passed with sarcasms and ironical applause.		The Hunchback of Notre-Dame	Victor Hugo	https://en.wikiquote.org/w/index.php?title=The_Hunchback_of_Notre-Dame&oldid=3916259	3916259	2026-08-27T11:33:43+00:00
258	Even a little tedious after more than twenty years.But there are much worse games to play.		The Hunger Games	Suzanne Collins	https://en.wikiquote.org/w/index.php?title=Suzanne_Collins&oldid=3877429	3877429	2026-08-27T11:34:16+00:00
259	Laila: Tell your secrets to the wind but don't blame it for telling the trees.		The Kite Runner	Khaled Hosseini	https://en.wikiquote.org/w/index.php?title=Khaled_Hosseini&oldid=3867286	3867286	2026-08-27T11:29:10+00:00
260	I belong to an unlucky generation, astride between two worlds and ill-at-ease in both.		The Leopard	Giuseppe Tomasi di Lampedusa	https://en.wikiquote.org/w/index.php?title=The_Leopard&oldid=2853216	2853216	2026-08-27T11:33:47+00:00
261	You become responsible, forever, for what you have tamed.		The Little Prince	Antoine de Saint-Exupéry	https://en.wikiquote.org/w/index.php?title=The_Little_Prince&oldid=3968326	3968326	2026-08-27T11:33:43+00:00
262	We develop only by going against opposition and facing our shadow.		The Lord of the Rings	J. R. R. Tolkien	https://en.wikiquote.org/w/index.php?title=The_Lord_of_the_Rings&oldid=3981483	3981483	2026-08-27T11:33:25+00:00
263	They knew how to blend art into their living.		The Martian Chronicles	Ray Bradbury	https://en.wikiquote.org/w/index.php?title=The_Martian_Chronicles&oldid=3798455	3798455	2026-08-27T11:33:28+00:00
264	It means that you must do what you really and truly want. And nothing is more difficult.		The Neverending Story	Michael Ende	https://en.wikiquote.org/w/index.php?title=The_Neverending_Story&oldid=3849301	3849301	2026-08-27T11:33:47+00:00
265	The clearest view of a man is from below.		The Odyssey	Homer	https://en.wikiquote.org/w/index.php?title=The_Odyssey_(2026_film)&oldid=3993920	3993920	2026-08-27T11:33:51+00:00
266	Don't ever let anybody teach you to think, Lance: it is the curse of the world.		The Once and Future King	T. H. White	https://en.wikiquote.org/w/index.php?title=The_Once_and_Future_King&oldid=3677527	3677527	2026-08-27T11:33:25+00:00
267	You see things. You keep quiet about them. And you understand. You're a wallflower.		The Perks of Being a Wallflower	Stephen Chbosky	https://en.wikiquote.org/w/index.php?title=The_Perks_of_Being_a_Wallflower&oldid=3000107	3000107	2026-08-27T11:34:13+00:00
268	Many of the things which can never be, often are.		The Phantom Tollbooth	Norton Juster	https://en.wikiquote.org/w/index.php?title=The_Phantom_Tollbooth&oldid=2914778	2914778	2026-08-27T11:34:16+00:00
269	The only excuse for making a useless thing is that one admires it intensely.All art is quite useless.		The Picture of Dorian Gray	Oscar Wilde	https://en.wikiquote.org/w/index.php?title=The_Picture_of_Dorian_Gray&oldid=3952625	3952625	2026-08-27T11:33:17+00:00
270	They are gone and I am left and they have taken with them the world.		The Road	Cormac McCarthy	https://en.wikiquote.org/w/index.php?title=The_Road&oldid=3626092	3626092	2026-08-27T11:33:32+00:00
271	The world owes all its onward impulses to men ill at ease.		The Scarlet Letter	Nathaniel Hawthorne	https://en.wikiquote.org/w/index.php?title=Nathaniel_Hawthorne&oldid=3976735	3976735	2026-08-27T11:33:28+00:00
272	I've stolen a garden. But it may already be dead, I don't know.		The Secret Garden	Frances Hodgson Burnett	https://en.wikiquote.org/w/index.php?title=The_Secret_Garden_(1993_film)&oldid=3893883	3893883	2026-08-27T11:34:13+00:00
273	Fools talk, cowards are silent, wise men listen.		The Shadow of the Wind	Carlos Ruiz Zafón	https://en.wikiquote.org/w/index.php?title=Carlos_Ruiz_Zafón&oldid=3364149	3364149	2026-08-27T11:33:39+00:00
274	This inhuman place makes human monsters.		The Shining	Stephen King	https://en.wikiquote.org/w/index.php?title=Stephen_King&oldid=3890651	3890651	2026-08-27T11:33:36+00:00
275	The human race is but a monotonous affair.		The Sorrows of Young Werther	Johann Wolfgang von Goethe	https://en.wikiquote.org/w/index.php?title=The_Sorrows_of_Young_Werther&oldid=3572996	3572996	2026-08-27T11:33:47+00:00
276	Life was such a wheel that no man could stand upon it for long.		The Stand	Stephen King	https://en.wikiquote.org/w/index.php?title=Stephen_King&oldid=3890651	3890651	2026-08-27T11:33:36+00:00
277	It is in general the unexplored that attracts us.		The Tale of Genji	Murasaki Shikibu	https://en.wikiquote.org/w/index.php?title=Murasaki_Shikibu&oldid=3603307	3603307	2026-08-27T11:33:47+00:00
278	There is no intelligence where there is no change and no need of change.		The Time Machine	H. G. Wells	https://en.wikiquote.org/w/index.php?title=The_Time_Machine&oldid=3778033	3778033	2026-08-27T11:34:13+00:00
279	Human history becomes more and more a race between education and catastrophe...		The War of the Worlds	H. G. Wells	https://en.wikiquote.org/w/index.php?title=H._G._Wells&oldid=3929669	3929669	2026-08-27T11:34:13+00:00
280	The Mole had been working very hard all the morning, spring-cleaning his little home.		The Wind in the Willows	Kenneth Grahame	https://en.wikiquote.org/w/index.php?title=The_Wind_in_the_Willows&oldid=3882081	3882081	2026-08-27T11:33:21+00:00
281	The world is like a Mask dancing. If you want to see it well, you do not stand in one place.		Things Fall Apart	Chinua Achebe	https://en.wikiquote.org/w/index.php?title=Chinua_Achebe&oldid=3996243	3996243	2026-08-27T11:33:39+00:00
282	It's a poor sort of memory that only works backwards.		Through the Looking-Glass	Lewis Carroll	https://en.wikiquote.org/w/index.php?title=Through_the_Looking-Glass&oldid=3952626	3952626	2026-08-27T11:29:02+00:00
283	To travel hopefully is a better thing than to arrive.		Treasure Island	Robert Louis Stevenson	https://en.wikiquote.org/w/index.php?title=Robert_Louis_Stevenson&oldid=3973220	3973220	2026-08-27T11:33:21+00:00
284	A man of genius makes no mistakes. His errors are volitional and are the portals to discovery.		Ulysses	James Joyce	https://en.wikiquote.org/w/index.php?title=Ulysses_(novel)&oldid=3962898	3962898	2026-08-27T11:33:25+00:00
285	I think I could be a good woman if I had five thousand a year.		Vanity Fair	William Makepeace Thackeray	https://en.wikiquote.org/w/index.php?title=Vanity_Fair_(novel)&oldid=3622218	3622218	2026-08-27T11:33:21+00:00
286	Every word is like an unnecessary stain on silence and nothingness.		Waiting for Godot	Samuel Beckett	https://en.wikiquote.org/w/index.php?title=Samuel_Beckett&oldid=3771549	3771549	2026-08-27T11:33:28+00:00
287	If a man does not keep pace with his companions, perhaps it is because he hears a different drummer.		Walden	Henry David Thoreau	https://en.wikiquote.org/w/index.php?title=Walden&oldid=3922179	3922179	2026-08-27T11:33:28+00:00
288	Peace cannot be kept by force. It can only be achieved by understanding.		War and Peace	Leo Tolstoy	https://en.wikiquote.org/w/index.php?title=War_and_peace&oldid=3954217	3954217	2026-08-27T11:33:39+00:00
289	He’s just a boy pretending to be a wolf. Pretending to be a king.		Where the Wild Things Are	Maurice Sendak	https://en.wikiquote.org/w/index.php?title=Where_the_Wild_Things_Are&oldid=3984389	3984389	2026-08-27T11:34:16+00:00
290	"Good morning, Pooh Bear", said Eeyore gloomily. "If it is a good morning", he said. "Which I doubt", said he.		Winnie-the-Pooh	A. A. Milne	https://en.wikiquote.org/w/index.php?title=A._A._Milne&oldid=3977428	3977428	2026-08-27T11:33:21+00:00
291	Be with me always — take any form — drive me mad!		Wuthering Heights	Emily Brontë	https://en.wikiquote.org/w/index.php?title=Wuthering_Heights&oldid=3952637	3952637	2026-08-27T11:28:59+00:00
292	Wife; children; house; everything. The full catastrophe.		Zorba the Greek	Nikos Kazantzakis	https://en.wikiquote.org/w/index.php?title=Zorba_the_Greek&oldid=3915212	3915212	2026-08-27T11:33:51+00:00
293	I do believe that I shall have another of these savories.		A Confederacy of Dunces	John Kennedy Toole	https://en.wikiquote.org/w/index.php?title=John_Kennedy_Toole&oldid=3965377	3965377	2026-08-27T11:34:13+00:00
294	Death destroys a man, but the idea of death saves him.		A Passage to India	E. M. Forster	https://en.wikiquote.org/w/index.php?title=E._M._Forster&oldid=3947410	3947410	2026-08-27T11:33:17+00:00
295	To live, to err, to fall, to triumph, to recreate life out of life!		A Portrait of the Artist as a Young Man	James Joyce	https://en.wikiquote.org/w/index.php?title=A_Portrait_of_the_Artist_as_a_Young_Man&oldid=3588414	3588414	2026-08-27T11:33:25+00:00
296	Luck is believing you're lucky, that's all...		A Streetcar Named Desire	Tennessee Williams	https://en.wikiquote.org/w/index.php?title=A_Streetcar_Named_Desire_(1951_film)&oldid=3718334	3718334	2026-08-27T11:34:09+00:00
297	What is the difference between my life and my love? One gets me low, the other lets me go.		A Suitable Boy	Vikram Seth	https://en.wikiquote.org/w/index.php?title=Vikram_Seth&oldid=3851083	3851083	2026-08-27T11:33:51+00:00
298	An infinite question is often destroyed by finite answers.		A Wrinkle in Time	Madeleine L'Engle	https://en.wikiquote.org/w/index.php?title=Madeleine_L'Engle&oldid=3932636	3932636	2026-08-27T11:34:16+00:00
299	I've often seen a cat without a grin,' thought Alice; 'but a grin without a cat!		Alice's Adventures in Wonderland	Lewis Carroll	https://en.wikiquote.org/w/index.php?title=Alice's_Adventures_in_Wonderland&oldid=3952630	3952630	2026-08-27T11:33:21+00:00
300	Chicago happened slowly, like a migraine.		American Gods	Neil Gaiman	https://en.wikiquote.org/w/index.php?title=American_Gods&oldid=3915400	3915400	2026-08-27T11:33:25+00:00
301	We teach girls to shrink themselves, to make themselves smaller.		Americanah	Chimamanda Ngozi Adichie	https://en.wikiquote.org/w/index.php?title=Chimamanda_Ngozi_Adichie&oldid=3978725	3978725	2026-08-27T11:33:39+00:00
302	All men are enemies. All animals are comrades.		Animal Farm	George Orwell	https://en.wikiquote.org/w/index.php?title=Animal_Farm&oldid=3952611	3952611	2026-08-27T11:28:56+00:00
303	It showed him the mistake men make in picturing to themselves happiness as the realization of their desires.		Anna Karenina	Leo Tolstoy	https://en.wikiquote.org/w/index.php?title=Anna_Karenina&oldid=3952640	3952640	2026-08-27T11:33:39+00:00
304	I pity the people who aren't born yet for missing it.		Anne of Green Gables	L. M. Montgomery	https://en.wikiquote.org/w/index.php?title=Anne_of_Green_Gables&oldid=3952638	3952638	2026-08-27T11:33:36+00:00
305	A man shut up between four walls soon loses the power to associate words and ideas together.		Around the World in Eighty Days	Jules Verne	https://en.wikiquote.org/w/index.php?title=Jules_Verne&oldid=3703573	3703573	2026-08-27T11:33:43+00:00
306	Incline not to arrogance, famous warrior!		Beowulf	Anonymous	https://en.wikiquote.org/w/index.php?title=Beowulf&oldid=3924672	3924672	2026-08-27T11:34:09+00:00
307	All progressions from a higher to a lower order are marked by ruins and mystery and a residue of nameless rage.		Blood Meridian	Cormac McCarthy	https://en.wikiquote.org/w/index.php?title=Blood_Meridian&oldid=3965838	3965838	2026-08-27T11:33:32+00:00
308	The World State's motto: COMMUNITY, IDENTITY, STABILITY.		Brave New World	Aldous Huxley	https://en.wikiquote.org/w/index.php?title=Brave_New_World&oldid=3915179	3915179	2026-08-27T11:28:57+00:00
309	Manners are especially the need of the plain. The pretty can get away with anything.		Brideshead Revisited	Evelyn Waugh	https://en.wikiquote.org/w/index.php?title=Evelyn_Waugh&oldid=3912500	3912500	2026-08-27T11:33:17+00:00
310	In this country it is found requisite, now and then, to put an admiral to death, in order to encourage the others.		Candide	Voltaire	https://en.wikiquote.org/w/index.php?title=Candide&oldid=3611571	3611571	2026-08-27T11:33:43+00:00
311	Beware of the man who works hard to learn something, learns it, and finds himself no wiser than before.		Cat's Cradle	Kurt Vonnegut	https://en.wikiquote.org/w/index.php?title=Cat's_Cradle&oldid=3948378	3948378	2026-08-27T11:33:32+00:00
312	Outside the hospital the war was still going on. Men went mad and were rewarded with medals.		Catch-22	Joseph Heller	https://en.wikiquote.org/w/index.php?title=Catch-22&oldid=3791053	3791053	2026-08-27T11:33:32+00:00
313	It is not often that someone comes along who is a true friend and a good writer.		Charlotte's Web	E. B. White	https://en.wikiquote.org/w/index.php?title=Charlotte's_Web_(book)&oldid=2584031	2584031	2026-08-27T11:34:16+00:00
314	Once any tyranny becomes accepted as ordinary, according to Veronica, its victory is assured.		Cloud Atlas	David Mitchell	https://en.wikiquote.org/w/index.php?title=Cloud_Atlas_(novel)&oldid=3941785	3941785	2026-08-27T11:33:21+00:00
315	You probably think this world is a dream come true… but you're wrong.	Cat	Coraline	Neil Gaiman	https://en.wikiquote.org/w/index.php?title=Coraline_(film)&oldid=3926212	3926212	2026-08-27T11:29:04+00:00
316	Lying is man's only privilege over all other organisms.		Crime and Punishment	Fyodor Dostoevsky	https://en.wikiquote.org/w/index.php?title=Crime_and_Punishment&oldid=3952642	3952642	2026-08-27T11:33:39+00:00
317	What are you laughing at? You are laughing at yourselves!		Dead Souls	Nikolai Gogol	https://en.wikiquote.org/w/index.php?title=Nikolai_Gogol&oldid=3929350	3929350	2026-08-27T11:33:43+00:00
318	The only thing you got in this world is what you can sell.		Death of a Salesman	Arthur Miller	https://en.wikiquote.org/w/index.php?title=Arthur_Miller&oldid=3890238	3890238	2026-08-27T11:34:09+00:00
319	Could he with reason murmur at his case,Himself sole author of his own disgrace?		Disgrace	J. M. Coetzee	https://en.wikiquote.org/w/index.php?title=Disgrace&oldid=2655455	2655455	2026-08-27T11:33:39+00:00
320	The electric things have their life too. Paltry as those lives are.		Do Androids Dream of Electric Sheep?	Philip K. Dick	https://en.wikiquote.org/w/index.php?title=Philip_K._Dick&oldid=3992844	3992844	2026-08-27T11:33:36+00:00
321	A bird in the hand is worth two in the bush.		Don Quixote	Miguel de Cervantes	https://en.wikiquote.org/w/index.php?title=Miguel_de_Cervantes&oldid=3976497	3976497	2026-08-27T11:33:39+00:00
322	What do you despise? By this you are truly known.		Dune	Frank Herbert	https://en.wikiquote.org/w/index.php?title=Dune&oldid=3914593	3914593	2026-08-27T11:33:32+00:00
323	I have to win this now, and for all time, or I'll fight it every day and it will get worse and worse.		Ender's Game	Orson Scott Card	https://en.wikiquote.org/w/index.php?title=Ender's_Game&oldid=3881768	3881768	2026-08-27T11:33:36+00:00
324	The books are to remind us what asses and fools we are.		Fahrenheit 451	Ray Bradbury	https://en.wikiquote.org/w/index.php?title=Fahrenheit_451&oldid=3940352	3940352	2026-08-27T11:33:28+00:00
325	"It's only after you've lost everything," Tyler says, "that you're free to do anything."		Fight Club	Chuck Palahniuk	https://en.wikiquote.org/w/index.php?title=Fight_Club_(novel)&oldid=3737377	3737377	2026-08-27T11:33:36+00:00
326	There was a glamor to it, a perfection and a completeness and a symmetry to it like Grecian art.		Gone with the Wind	Margaret Mitchell	https://en.wikiquote.org/w/index.php?title=Gone_with_the_Wind_(novel)&oldid=3336302	3336302	2026-08-27T11:34:09+00:00
327	Kids! Bringing about Armageddon can be dangerous. Do not attempt it in your own home.		Good Omens	Terry Pratchett and Neil Gaiman	https://en.wikiquote.org/w/index.php?title=Good_Omens&oldid=3887523	3887523	2026-08-27T11:33:25+00:00
328	Poor Nations are hungry, and rich Nations are proud, and Pride and Hunger will ever be at Variance.		Gulliver's Travels	Jonathan Swift	https://en.wikiquote.org/w/index.php?title=Gulliver's_Travels&oldid=3942835	3942835	2026-08-27T11:33:21+00:00
329	Education is a priority! How can we resist exploitation if we don’t have the tools to understand exploitation?		Half of a Yellow Sun	Chimamanda Ngozi Adichie	https://en.wikiquote.org/w/index.php?title=Half_of_a_Yellow_Sun&oldid=3553033	3553033	2026-08-27T11:33:39+00:00
330	Fear of a name increases fear of the thing itself.		Harry Potter and the Philosopher's Stone	J. K. Rowling	https://en.wikiquote.org/w/index.php?title=Harry_Potter_and_the_Philosopher's_Stone&oldid=3717956	3717956	2026-08-27T11:33:25+00:00
331	I don’t go looking for trouble. Trouble usually finds me!		Harry Potter and the Prisoner of Azkaban	J. K. Rowling	https://en.wikiquote.org/w/index.php?title=Harry_Potter_and_the_Prisoner_of_Azkaban&oldid=3887534	3887534	2026-08-27T11:33:25+00:00
332	Droll thing life is — that mysterious arrangement of merciless logic for a futile purpose.		Heart of Darkness	Joseph Conrad	https://en.wikiquote.org/w/index.php?title=Heart_of_Darkness&oldid=3987647	3987647	2026-08-27T11:33:17+00:00
333	I can’t choose my nature, but I can choose what I do.		His Dark Materials	Philip Pullman	https://en.wikiquote.org/w/index.php?title=Philip_Pullman&oldid=3980081	3980081	2026-08-27T11:33:25+00:00
334	To ensure your freedom, some freedoms must be surrendered.		I, Robot	Isaac Asimov	https://en.wikiquote.org/w/index.php?title=I,_Robot_(film)&oldid=3959505	3959505	2026-08-27T11:33:32+00:00
335	We who survived the Camps are not true witnesses.		If This Is a Man	Primo Levi	https://en.wikiquote.org/w/index.php?title=Primo_Levi&oldid=3907842	3907842	2026-08-27T11:33:47+00:00
336	Who knows but that, on the lower frequencies, I speak for you?		Invisible Man	Ralph Ellison	https://en.wikiquote.org/w/index.php?title=Ralph_Ellison&oldid=3632470	3632470	2026-08-27T11:33:32+00:00
337	You think wrong! — I have as much soul as you — and full as much heart!		Jane Eyre	Charlotte Brontë	https://en.wikiquote.org/w/index.php?title=Charlotte_Brontë&oldid=3945880	3945880	2026-08-27T11:28:59+00:00
338	Anyone who falls in love is searching for missing pieces of themselves.		Kafka on the Shore	Haruki Murakami	https://en.wikiquote.org/w/index.php?title=Kafka_on_the_Shore&oldid=3780267	3780267	2026-08-27T11:33:47+00:00
339	A morning-glory at my window satisfies me more than the metaphysics of books.		Leaves of Grass	Walt Whitman	https://en.wikiquote.org/w/index.php?title=Leaves_of_Grass&oldid=3985858	3985858	2026-08-27T11:34:09+00:00
340	Life is so beautiful that death has fallen in love with it, a jealous, possessive love that grabs at what it can.		Life of Pi	Yann Martel	https://en.wikiquote.org/w/index.php?title=Yann_Martel&oldid=3915533	3915533	2026-08-27T11:33:36+00:00
341	Love is the only thing that we can carry with us when we go, and it makes the end so easy.		Little Women	Louisa May Alcott	https://en.wikiquote.org/w/index.php?title=Louisa_May_Alcott&oldid=3957259	3957259	2026-08-27T11:33:28+00:00
342	You can always count on a murderer for a fancy prose style.		Lolita	Vladimir Nabokov	https://en.wikiquote.org/w/index.php?title=Lolita&oldid=3952644	3952644	2026-08-27T11:33:32+00:00
343	The real significance of crime is in its being a breach of faith with the community of mankind.		Lord Jim	Joseph Conrad	https://en.wikiquote.org/w/index.php?title=Lord_Jim&oldid=3547629	3547629	2026-08-27T11:33:17+00:00
344	Sleep is when all unsorted stuff comes as from a dustbin upset in a high wind.		Lord of the Flies	William Golding	https://en.wikiquote.org/w/index.php?title=William_Golding&oldid=3915239	3915239	2026-08-27T11:33:17+00:00
345	“No, not rich,” he said. “I am a poor man with money, which is not the same thing.”		Love in the Time of Cholera	Gabriel García Márquez	https://en.wikiquote.org/w/index.php?title=Love_in_the_Time_of_Cholera&oldid=3685969	3685969	2026-08-27T11:33:39+00:00
346	The future was a pitch-black tunnel, ending in a locked door.		Madame Bovary	Gustave Flaubert	https://en.wikiquote.org/w/index.php?title=Madame_Bovary&oldid=3922710	3922710	2026-08-27T11:33:43+00:00
347	Hell is full of musical amateurs. Music is the brandy of the damned.		Man and Superman	George Bernard Shaw	https://en.wikiquote.org/w/index.php?title=Man_and_Superman&oldid=3721599	3721599	2026-08-27T11:34:09+00:00
348	Talk not to me of blasphemy, man; I'd strike the sun if it insulted me.		Moby-Dick	Herman Melville	https://en.wikiquote.org/w/index.php?title=Moby-Dick&oldid=3962897	3962897	2026-08-27T11:33:28+00:00
349	It struck Mort with sudden, terrible poignancy that Death must be the loneliest creature in the universe.		Mort	Terry Pratchett	https://en.wikiquote.org/w/index.php?title=Mort&oldid=3551286	3551286	2026-08-27T11:33:25+00:00
350	Lines of light ranged in the nonspace of the mind, clusters and constellations of data.		Neuromancer	William Gibson	https://en.wikiquote.org/w/index.php?title=Sprawl_trilogy&oldid=3956712	3956712	2026-08-27T11:33:36+00:00
351	If you want a picture of the future, imagine a boot stamping on a human face — forever.		Nineteen Eighty-Four	George Orwell	https://en.wikiquote.org/w/index.php?title=Nineteen_Eighty-Four&oldid=3949875	3949875	2026-08-27T11:28:56+00:00
352	Not courting talk — real straight talk about souls, for life is holy and every moment is precious.		On the Road	Jack Kerouac	https://en.wikiquote.org/w/index.php?title=On_the_Road&oldid=3915216	3915216	2026-08-27T11:33:32+00:00
353	One minute of reconciliation is worth more than a whole life of friendship.		One Hundred Years of Solitude	Gabriel García Márquez	https://en.wikiquote.org/w/index.php?title=One_Hundred_Years_of_Solitude&oldid=3863702	3863702	2026-08-27T11:33:39+00:00
354	Curiosity is insubordination in its purest form.		Pale Fire	Vladimir Nabokov	https://en.wikiquote.org/w/index.php?title=Vladimir_Nabokov&oldid=3995255	3995255	2026-08-27T11:33:32+00:00
355	All is not lost; th’ unconquerable will, And study of revenge, immortal hate, And courage never to submit or yield.		Paradise Lost	John Milton	https://en.wikiquote.org/w/index.php?title=Paradise_Lost&oldid=3943843	3943843	2026-08-27T11:34:09+00:00
356	If you take the life lie from an average man, you take away his happiness as well.		Peer Gynt	Henrik Ibsen	https://en.wikiquote.org/w/index.php?title=Henrik_Ibsen&oldid=3682496	3682496	2026-08-27T11:34:09+00:00
357	"I'm youth, I'm joy, I'm a little bird that has broken out of the egg."		Peter Pan	J. M. Barrie	https://en.wikiquote.org/w/index.php?title=Peter_Pan&oldid=3952628	3952628	2026-08-27T11:33:21+00:00
358	It is better to have a lion at the head of an army of sheep than a sheep at the head of an army of lions.		Robinson Crusoe	Daniel Defoe	https://en.wikiquote.org/w/index.php?title=Daniel_Defoe&oldid=3935737	3935737	2026-08-27T11:33:21+00:00
359	All moments, past, present and future, always have existed, always will exist.		Slaughterhouse-Five	Kurt Vonnegut	https://en.wikiquote.org/w/index.php?title=Slaughterhouse-Five&oldid=3732011	3732011	2026-08-27T11:33:32+00:00
360	Rumor is information distilled so finely that it can filter through anything.		Small Gods	Terry Pratchett	https://en.wikiquote.org/w/index.php?title=Discworld&oldid=3952185	3952185	2026-08-27T11:33:25+00:00
361	The world is full of power and energy and a person can go far by just skimming off a tiny bit of it.		Snow Crash	Neal Stephenson	https://en.wikiquote.org/w/index.php?title=Snow_Crash&oldid=3499277	3499277	2026-08-27T11:33:36+00:00
362	I am going to teach you to dance and play and smile, and still not be happy.		Steppenwolf	Hermann Hesse	https://en.wikiquote.org/w/index.php?title=Steppenwolf&oldid=3665502	3665502	2026-08-27T11:33:47+00:00
363	Obscurity is the refuge of the incompetent.		Stranger in a Strange Land	Robert A. Heinlein	https://en.wikiquote.org/w/index.php?title=Stranger_in_a_Strange_Land&oldid=3831774	3831774	2026-08-27T11:33:32+00:00
364	He who is satisfied with his lot is rich; he who goes on acting with energy has a (firm) will.		Tao Te Ching	Laozi	https://en.wikiquote.org/w/index.php?title=Tao_Te_Ching&oldid=3865813	3865813	2026-08-27T11:33:51+00:00
365	"The strongest guard is placed at the gateway to nothing," he said.		Tender Is the Night	F. Scott Fitzgerald	https://en.wikiquote.org/w/index.php?title=Tender_is_the_Night&oldid=3923992	3923992	2026-08-27T11:33:28+00:00
